group_type,group_value,count,target_mean,female_fraction,base_clean_mae,base_clean_bias,base_artifact_mae,base_artifact_bias,base_disagreement,c_clean_mae,c_clean_bias,c_artifact_mae,c_artifact_bias,c_disagreement,blend_clean_mae,blend_clean_bias,blend_artifact_mae,blend_artifact_bias,blend_disagreement,c_clean_delta,c_clean_delta_ci_low,c_clean_delta_ci_high,c_artifact_delta,c_artifact_delta_ci_low,c_artifact_delta_ci_high,blend_clean_delta,blend_clean_delta_ci_low,blend_clean_delta_ci_high,blend_artifact_delta,blend_artifact_delta_ci_low,blend_artifact_delta_ci_high
overall,all,14036,127.30407523510972,0.4581077229980051,6.330013979327206,-0.18736967057983392,7.237796939176928,-0.8812662542087125,3.093309116553771,6.3706596825122155,0.08221633429539481,6.522732400391373,0.20711850617202968,1.1090097897546725,6.272541777452331,0.009428112979082954,6.487925483266592,-0.08674537913077068,1.372218338587781,0.04064570318500898,-0.006483899714702828,0.08728363219065763,-0.7150645387855545,-0.7973936470052937,-0.6313492387745516,-0.057472201874874916,-0.0922990205234255,-0.02292283151305327,-0.7498714559103354,-0.8145015005654302,-0.6860583309219516
fold,1,2808,127.56695156695157,0.4583333333333333,6.253523957016122,0.010610129418875453,7.152143246088272,-0.3200377589277395,3.2306415511671975,6.275103373405261,0.70927681067051,6.392491821549896,0.8733983787036687,1.0919258682816118,6.186818375981431,0.5206368067325685,6.355799031067439,0.5511706215431882,1.3937704526053534,0.02157941638913926,-0.07956478307050154,0.12036286493991459,-0.7596514245383756,-0.9281910197347651,-0.590559553692483,-0.06670558103469008,-0.14315473969845324,0.007975287215662466,-0.7963442150208344,-0.9266936574399982,-0.6695033906446902
fold,2,2807,126.86141788386178,0.4584966156038475,6.287806041732479,-0.259509769843319,6.849688165418016,-0.3647093750804528,2.8276340727879137,6.276991277136835,0.45407987430845637,6.417444322217093,0.7438957749799254,1.088821089051141,6.201549657000143,0.26141067038747695,6.3324468712149296,0.4445723844636233,1.2765886078043944,-0.010814764595643235,-0.11222606841720269,0.09065965354166561,-0.4322438432009232,-0.5970980714893783,-0.2641648573853346,-0.08625638473233468,-0.16299062581362925,-0.010711027970974391,-0.5172412942030867,-0.6497545185170651,-0.38937645094497486
fold,3,2807,127.1086569291058,0.4581403633772711,6.499844035008304,-0.7654347992215161,7.558638270656367,-1.0720463512544327,3.284096249321155,6.448182242257254,0.023048705293650357,6.556514354035826,0.2394649789645059,1.062775953324783,6.355278030833104,-0.18984184092544476,6.584113855161488,-0.11464308019460719,1.3824314802364817,-0.05166179275105,-0.1600666263921431,0.05889815669234766,-1.0021239166205402,-1.1942348238663354,-0.8144956766433634,-0.1445660041752005,-0.22656803462052616,-0.06309843016299362,-0.9745244154948799,-1.125484080010221,-0.8261402898240772
fold,4,2807,127.48770929818312,0.4577841111506947,6.426661915060546,-0.20267411419875653,7.482764461178944,-1.8444846479078183,3.026139070777907,6.42256013566504,-1.121318548057782,6.6098513832540755,-1.2068189601266266,1.0479627472673996,6.359332203173663,-0.8732845509158451,6.679423318406973,-1.3789886958275488,1.328905992375433,-0.004101779395505235,-0.09496950320089881,0.08625962213557684,-0.8729130779248689,-1.0558696228369808,-0.698607353268886,-0.06732971188688233,-0.13466090544594278,0.0009794245000665164,-0.8033411427719718,-0.9428166290170406,-0.6688309111297877
fold,5,2807,127.4955468471678,0.4577841111506947,6.182261197559342,0.28008967020097975,7.1457810668619155,-0.8052530767741813,3.09798571372907,6.430495426244569,0.34577143757123274,6.637406519396177,0.38541499465056284,1.2535693770334906,6.25976115942596,0.32803736038126424,6.487891410824919,0.06393461536588198,1.479387481928636,0.2482342286852277,0.12916274762128177,0.36712209669601703,-0.5083745474657385,-0.7253095677113847,-0.29939513014524016,0.07749996186661748,-0.011255237736988421,0.16397965648278806,-0.6578896560369966,-0.8328194597908131,-0.4893232704070187
age_bin,0-59,895,38.58100558659218,0.4681564245810056,6.058881804396986,3.234174227581344,6.551212259644236,1.2552402219292842,3.163226753106996,6.556463789273907,2.663725898785298,6.852670820864885,2.660963657315217,1.2829017255559314,6.254855216255401,2.817746947560231,6.470352218627931,2.2814183297610153,1.4835938807652647,0.4975819848769205,0.24393473854278064,0.7509911263322027,0.3014585612206487,-0.020967017658595745,0.6184635929555201,0.19597341185841483,0.004746553912242649,0.38507429682768873,-0.08086004101630673,-0.34109946460723856,0.1805498991950265
age_bin,120-179,8033,145.83742063986057,0.41727872525830945,5.964313185587479,-0.9326581827926114,7.0619123134283,-1.2009698275862069,3.078431646004421,5.819160430083814,-0.6922165766074562,5.921461565266299,-0.5078821475488319,0.9886111365477026,5.790055006519433,-0.7571358102774483,6.038707865569358,-0.6950158211589231,1.3101219414305334,-0.1451527555036645,-0.19857340387310862,-0.09140189125842665,-1.1404507481620008,-1.2508536199548095,-1.0345271282321888,-0.17425817906804567,-0.21376488154551496,-0.13435073375072654,-1.0232044478589417,-1.1066382157320875,-0.9414572845424791
age_bin,180-228,1227,191.5158924205379,0.2974735126324368,5.651807771043847,-1.7957739608503533,6.136639577155204,-1.4648273782022854,2.5867896169399773,5.958123963347468,-3.135942354956198,6.169379385875899,-3.1383118446804055,1.2184160103521993,5.730821234929241,-2.77409688854762,5.928334036145448,-2.6864710387313133,1.390915915342299,0.30631619230362117,0.11569170559336729,0.49943386954608227,0.03273980872069539,-0.21136315648110834,0.2677859188972122,0.07901346388539404,-0.06642932450061974,0.22508214659407408,-0.2083055410097555,-0.39176380333282557,-0.03129426112870542
age_bin,60-119,3881,89.10280855449626,0.5910847719659882,7.363896172122223,1.0747104360712647,8.108318601125173,-0.527740099110022,3.2681181508835615,7.599745007588426,2.107274109295612,7.802886453740101,2.178840196860632,1.2835234888003555,7.446552807818488,1.828481917525038,7.598698969592571,1.4480635169485554,1.469151428368128,0.23584883546620347,0.14171790462337613,0.33077539934444833,-0.3054321473850722,-0.4723209602505363,-0.13951330904922585,0.08265663569626552,0.012537620659189138,0.1520944562858907,-0.5096196315326019,-0.6456755228637268,-0.3758609529599432
fold_age,fold_1|0-59,179,38.262569832402235,0.4692737430167598,5.638262466345419,3.233158836151635,6.19371569756023,2.217358466633206,2.8124136684993126,6.353228009612867,4.365449532450245,6.421744490468968,4.5117302580252705,1.1988934564856844,6.096694004975219,4.05973104444962,6.163338477278555,3.8922498743494134,1.3369344302129476,0.7149655432674475,0.27810958244281114,1.1678481027400693,0.22802879290873818,-0.45586514179932935,0.8961082937997151,0.458431538629799,0.13454503442988128,0.7903180066167312,-0.03037722028167534,-0.550302659476935,0.4758161675437201
fold_age,fold_1|120-179,1607,146.19415059116366,0.417548226509023,5.801540073283207,-0.33424526990832343,6.810695731276374,0.06458331370991667,3.2415589034075163,5.5913756488641,-0.20608503416449514,5.673990326782302,-0.04853969400687204,0.9571404020906459,5.577584938804185,-0.24068829781532877,5.7737807505428975,-0.01799648192333902,1.3479603262368982,-0.21016442441910607,-0.3195778867511475,-0.09955693561242988,-1.136705404494071,-1.3335206407453226,-0.9462871267844524,-0.2239551344790212,-0.3064502583665727,-0.1406569462368476,-1.0369149807334759,-1.1880085650659453,-0.8865205130538506
fold_age,fold_1|180-228,245,191.22040816326532,0.2979591836734694,5.712590431680485,-1.8927836515465613,6.029913703762754,-0.6185622857541498,2.770190180564414,6.1226707614198,-2.384045721560114,6.297891297632335,-2.2190859424824665,1.287377867406727,5.956276930828482,-2.251404962656456,6.014768660564812,-1.7869445551658216,1.4447176582180725,0.4100803297393153,0.13526572402642123,0.6910337051080189,0.2679775938695806,-0.1495306427624742,0.6939510874845536,0.24368649914799673,0.04132154853976158,0.4551831058580024,-0.015145043197942553,-0.3339011279981987,0.30859478003054114
fold_age,fold_1|60-119,777,89.54440154440154,0.5907335907335908,7.500626430241451,0.5816241378489612,8.432980987863038,-1.605934128337845,3.4495980398995534,7.71926313324171,2.7355259584797547,7.901594527746567,2.9170943055220397,1.2844191837188057,7.5402972048313925,2.1539724669094404,7.7114055390523655,1.695876628379871,1.4855445268746355,0.21863670300025884,-0.02609906485028581,0.4647774173486189,-0.5313864601164713,-0.9363381928305218,-0.13146875705498146,0.03967077458994095,-0.14315880589258143,0.22594859136608378,-0.7215754488106714,-1.0249085046873745,-0.4155183232428955
fold_age,fold_2|0-59,179,37.849162011173185,0.4692737430167598,5.9634198662955,1.0641196906233639,6.677994626860379,-0.21328863218509936,3.036199942647412,6.6900568701035485,3.5550120689349476,6.913121079599391,3.4350335531394576,1.3804250322906664,6.3075084127926955,2.88247112679082,6.4714903107968125,2.449986563101827,1.4953778231743327,0.7266370038080485,0.1625558501515316,1.2883947265880729,0.23512645273901278,-0.5123069193110117,0.9656206264176185,0.3440885464971959,-0.08481466871932937,0.7685596338304055,-0.20650431606356626,-0.8150341403737413,0.38587601835368046
fold_age,fold_2|120-179,1607,145.36776602364654,0.417548226509023,6.010311912436921,-0.6593687749457938,6.689221052776306,-0.46483157715147605,2.8173264679733685,5.787928981816613,-0.38845593512392074,5.881300973091054,-0.11461506471473688,0.9065538132198122,5.793312344696482,-0.4616024018758265,5.927382171526412,-0.20917352307265638,1.1746848751939303,-0.22238293062030853,-0.3401458018599047,-0.1040694953049645,-0.8079200796852516,-1.0174525286443648,-0.6049167642551844,-0.2169995677404395,-0.30227788078554924,-0.1303890797568165,-0.7618388812498933,-0.9303123182155508,-0.6023561123050956
fold_age,fold_2|180-228,245,190.9387755102041,0.2979591836734694,5.223037657445789,-2.0059115662866756,5.341298691107304,-1.5653854058713375,2.146079487703284,5.3262326610331625,-1.1081285126355258,5.367552403041293,-0.8320265789421304,1.2883332544443558,5.193077229402505,-1.3505299371213377,5.202149425273038,-1.0300334622130163,1.319516407246494,0.10319500358737325,-0.23216780370595505,0.43568602892817304,0.02625371193398759,-0.4660162914042603,0.5036238175995417,-0.029960428043284536,-0.28815932078458667,0.2214919463644227,-0.13914926583426704,-0.5044869709559896,0.22174351037472642
fold_age,fold_2|60-119,776,88.8389175257732,0.5914948453608248,7.273458677468841,0.8146038743638501,7.6978314832313774,0.18678249772062036,3.0160514743057725,7.494671983817189,1.9767979641550593,7.744866671021452,2.3985532927758917,1.3360194471693534,7.340913688374548,1.6630055599114328,7.496071962671182,1.8013751781109681,1.4235972648797584,0.2212133063483481,0.0027971304569047663,0.437431602748398,0.04703518779007421,-0.3020296493756404,0.39095046286730367,0.06745501090570803,-0.09071361554652135,0.22818906929566635,-0.2017595205601958,-0.4712745930226804,0.05764987493913226
fold_age,fold_3|0-59,179,39.23463687150838,0.4692737430167598,5.646189833486546,3.2792098189199437,6.4113635697178335,0.09092422570596241,3.8495167353965716,6.103521677368846,1.837273283377706,6.305253098130892,2.027517137580744,1.2815229533104922,5.815030361793561,2.2265961479741105,5.957032048742199,1.5046370513745535,1.5543930699439024,0.45733184388229975,-0.06024604509662639,0.9706606800995724,-0.10611047158694094,-0.8129619022987403,0.5990470481318461,0.16884052830701413,-0.21987476847558032,0.5607920855570108,-0.45433152097563434,-1.0500445387110355,0.11738849835955145
fold_age,fold_3|120-179,1606,145.43524283935244,0.41718555417185554,6.235641018688159,-1.836759265600373,7.505535301503031,-1.5324945414199924,3.3121006064219016,6.043588939966033,-0.4231631467826341,6.1014748949784865,-0.12752518232257717,1.0127841574168888,5.999664947015709,-0.8048340988634238,6.2901348766265155,-0.5068669092788788,1.3604581178258992,-0.1920520787221261,-0.328473061434507,-0.05544150698081066,-1.4040604065245441,-1.6723416435317708,-1.155447473324103,-0.23597607167245155,-0.33791936089003805,-0.13512507909796193,-1.2154004248765158,-1.4192535823962167,-1.0240768079282636
fold_age,fold_3|180-228,246,191.17073170731706,0.2967479674796748,5.891353545150136,-0.6619811949691187,6.529900124402548,0.005940662166933087,2.753328152788363,5.899424235026042,-3.3000908828363213,6.0354180064627805,-3.2246851727245343,0.8737415840955299,5.669640030589531,-2.587801267112176,5.822758755877735,-2.352416197303838,1.2269503920640412,0.008070689875904818,-0.528394439356117,0.5213756313168884,-0.49448211793976765,-1.0758452392205908,0.0722524425847774,-0.22171351456060673,-0.624379111235705,0.1833414107764617,-0.7071413685248128,-1.1540869171018522,-0.27146415297965304
fold_age,fold_3|60-119,776,89.1417525773196,0.5914948453608248,7.436445590147038,0.48599061277723804,8.259302090123757,-0.7291040125581407,3.2639721349342583,7.538988369027364,1.5815053723522068,7.721409763257528,1.684704411890089,1.1757058064962167,7.433223769787659,1.285716387266965,7.578535552713061,1.032976137289067,1.4375299894686826,0.10254277888032583,-0.07819378535772119,0.2880449393360884,-0.5378923268662287,-0.8872852717478253,-0.19195225349406628,-0.0032218203593775523,-0.1399380239100794,0.1336843538124535,-0.6807665374106968,-0.9772922881878529,-0.3970205789841337
fold_age,fold_4|0-59,179,39.452513966480446,0.4692737430167598,6.31236591019444,4.611913499885431,6.468471697588873,3.592633146147489,1.9550336059911284,6.266472139838021,3.7331827472708077,6.541054368685078,3.6353726093995506,1.01401138305664,6.178838963641802,3.9704400504767565,6.401784201041281,3.623832954321495,1.119667551477528,-0.045893770356418055,-0.43406454278104123,0.38284320032130376,0.07258267109620534,-0.39992169801083327,0.5606708872917646,-0.13352694655263886,-0.4301715076116209,0.19270187569197295,-0.06668749654759207,-0.418179111038506,0.2974598996732489
fold_age,fold_4|120-179,1607,146.1729931549471,0.4169259489732421,6.17473385329564,-1.5117621430715715,7.493877683875719,-3.060688894731181,3.0583182847047343,6.173035308894862,-2.329597454154128,6.329478726152611,-2.4167191577239593,0.9529912410942605,6.1233191257422215,-2.108781920161838,6.502184903299727,-2.590590986715909,1.287414522770405,-0.00169854440077828,-0.11522407650428315,0.10757402124505804,-1.1643989577231084,-1.4047513022953924,-0.9345567411269621,-0.05141472755341871,-0.13451906571569233,0.03051212476126227,-0.9916927805759922,-1.1741009541614198,-0.8181209944503675
fold_age,fold_4|180-228,246,192.3617886178862,0.2967479674796748,5.743090621824187,-2.025532171978219,6.549120647151297,-2.2464277065866414,2.3235899142133514,6.35350290934245,-4.392259737340419,6.8620706573734465,-4.848534498757468,1.3800226227054755,6.004635236166358,-3.753243294692625,6.5133082388280865,-4.145965664871345,1.412868300026996,0.6104122875182617,0.1392270204497577,1.044258817036946,0.3129500102221494,-0.4224837636559938,0.9356656128798093,0.26154461434217,-0.08823494163761277,0.599816574375804,-0.035812408323210906,-0.5779609697388459,0.4441304300509818
fold_age,fold_4|60-119,775,88.48387096774194,0.5909677419354838,7.1924243902391005,1.9783792557254913,7.990346182546308,-0.45084060668945275,3.429807424237651,6.997933329920615,1.3011330684538809,7.1270482660109,1.3395285870951992,1.147330199210875,7.002992537615376,1.4839895390172158,7.163789569584016,0.8561289047733425,1.4366166309479749,-0.19449106031848523,-0.34562232626638145,-0.04221890541815005,-0.8632979165354084,-1.243230322684012,-0.5156786782049374,-0.18943185262372425,-0.301012016204096,-0.07710119232177721,-0.8265566129622922,-1.120031459661914,-0.5612726509758735
fold_age,fold_5|0-59,179,38.10614525139665,0.46368715083798884,6.734170945663026,3.9824692923263463,7.0045157064938675,0.5885739033448637,4.162969813000556,7.369040249446251,-0.17228813810721436,8.082181067440096,-0.304835271568937,1.539655802636173,6.876204338073731,0.9494963681098473,7.358116055280803,-0.0636147943422107,1.9115965290176136,0.6348693037832246,-0.16294514799917276,1.422838960679549,1.0776653609462283,0.1796224167893047,2.0183673411108245,0.1420333924107041,-0.467850771616291,0.745479422377474,0.3536003487869343,-0.41823066707163614,1.1157736768243025
fold_age,fold_5|120-179,1606,146.01681195516812,0.41718555417185554,5.599280759970545,-0.32133765119692753,6.810351313570814,-1.0115058395366736,2.9629274988233822,5.4998142057159916,-0.11325361125941291,5.620987945594645,0.16864603691053562,1.1136789381281376,5.456316433879239,-0.16943630204254215,5.700002314376356,-0.14999496973021106,1.3801667755240965,-0.09946655425455317,-0.2212765327871662,0.02091787072225657,-1.1893633679761684,-1.4984321340083482,-0.9128737912825305,-0.1429643260913054,-0.23509864790620716,-0.05217001706903621,-1.1103489991944573,-1.3386654309561359,-0.8928987701244997
fold_age,fold_5|180-228,245,191.88571428571427,0.2979591836734694,5.687616278200736,-2.3963511564293696,6.22967597805724,-2.902515084402905,2.9411548848054867,6.087415049027427,-4.489389100366714,6.281684034697865,-4.559893985670444,1.2633519386758605,5.829608858692406,-3.924268855503631,6.086728369887997,-4.1124016823282075,1.551106464619539,0.39979877082669213,-0.10078093703912035,0.9096708772620379,0.052008056640625,-0.43432271529217187,0.5106068653963044,0.1419925804916712,-0.23139481240097154,0.5149228482460523,-0.1429476081692442,-0.506392251291079,0.21397500284934334
fold_age,fold_5|60-119,777,89.5032175032175,0.5907335907335908,7.416061381729106,1.5141879048586813,8.160494619047933,-0.038745870307911996,3.1812481235813452,8.246105734139029,2.938488585915191,8.517593899288693,2.5518068144220187,1.4737210463986588,7.9140420010344545,2.553927402029933,8.04241473459369,1.8523575895449373,1.562285659917686,0.8300443524099225,0.5942278669300839,1.06861136189759,0.3570992802407598,-0.03653249040993899,0.7454071572695302,0.4979806193053491,0.31826023305919937,0.6783535953580638,-0.1180798844542435,-0.47677841456178865,0.22035705784879928
sex,F,6430,117.88802488335925,1.0,6.5548584672563,-0.605629335109776,7.451663837462525,-0.9105775842028866,3.0723938824785626,6.625994817873182,-0.1329487511381207,6.787759966575895,0.025988825298208083,1.1168420586949377,6.51990428664117,-0.26057250881046773,6.744422786760107,-0.22688410526708747,1.378732797127304,0.07113635061688223,0.000981157623219781,0.14015001139781696,-0.6639038708866292,-0.789260011794593,-0.542101298743051,-0.034954180615129934,-0.08685595230915295,0.016585559248145674,-0.7072410507024169,-0.804428155375936,-0.6104082074209839
sex,M,7606,135.2642650539048,0.0,6.139933771940397,0.16622086885318316,7.056997023850029,-0.8564868889888151,3.11099054635966,6.154803132371404,0.2641137178527843,6.298682012465199,0.3602428616832936,1.1023885053363311,6.0634251676595055,0.2376826486228919,6.271086453360819,0.03172582900182413,1.366711111607879,0.01486936043100623,-0.04655397880588298,0.07679210569304976,-0.7583150113848298,-0.8705615022199391,-0.6467300148973208,-0.07650860428089126,-0.12335502951075539,-0.028935412817304457,-0.7859105704892098,-0.8742766281171062,-0.6990231376592028
