weight_c,count,clean_mae,baseline_clean_mae,clean_delta,artifact_mae,baseline_artifact_mae,artifact_delta,artifact_gain,disagreement_mean,baseline_disagreement_mean,disagreement_reduction,max_age_clean_delta,max_age_artifact_delta,feasible
0.0,14036,6.330013979327206,6.330013979327206,0.0,7.237796939176928,7.237796939176928,0.0,0.0,3.093309116553771,3.093309116553771,0.0,0.0,0.0,False
0.01,14036,6.326096812047386,6.330013979327206,-0.003917167279819722,7.221313069996653,7.237796939176928,-0.016483869180274446,0.016483869180274446,3.066684175319025,3.093309116553771,0.008607268213921215,-0.0019776922401399943,-0.009311117758297627,False
0.02,14036,6.3222554048509405,6.330013979327206,-0.007758574476265601,7.204987008199966,7.237796939176928,-0.03280993097696161,0.03280993097696161,3.0401047314534875,3.093309116553771,0.017199828111442717,-0.0038696319729485396,-0.018461824555636497,False
0.03,14036,6.318528437746254,6.330013979327206,-0.011485541580952052,7.188783986011982,7.237796939176928,-0.04901295316494547,0.04901295316494547,3.0135610922560385,3.093309116553771,0.025780813133405522,-0.005642759642076278,-0.0275032891641116,False
0.04,14036,6.314906719106661,6.330013979327206,-0.015107260220545093,7.172731466426507,7.237796939176928,-0.06506547275042074,0.06506547275042074,2.987047546508476,3.093309116553771,0.034352069593251766,-0.007313803299528132,-0.036528045824786304,False
0.05,14036,6.311344735430121,6.330013979327206,-0.018669243897084797,7.156799716710298,7.237796939176928,-0.08099722246662999,0.08099722246662999,2.9605689684459375,3.093309116553771,0.04291202175607922,-0.008942259405421815,-0.045446031026999734,False
0.06,14036,6.307845272674083,6.330013979327206,-0.022168706653123316,7.141001006045141,7.237796939176928,-0.09679593313178625,0.09679593313178625,2.934141769343953,3.093309116553771,0.05145536421110908,-0.010537416909779829,-0.05429299960855705,False
0.07,14036,6.3044415646898475,6.330013979327206,-0.025572414637358598,7.125314844201589,7.237796939176928,-0.11248209497533868,0.11248209497533868,2.907768472533988,3.093309116553771,0.059981281219800175,-0.012045403598234472,-0.06307598135324888,False
0.08,14036,6.301129663673416,6.330013979327206,-0.028884315653789905,7.109739856355786,7.237796939176928,-0.12805708282114203,0.12805708282114203,2.8814256936935116,3.093309116553771,0.06849733242835976,-0.013483436307289764,-0.0717336521255234,False
0.09,14036,6.29788665836168,6.330013979327206,-0.032127320965526174,7.094261203063591,7.237796939176928,-0.14353573611333648,0.14353573611333648,2.855122867072196,3.093309116553771,0.07700046794771565,-0.014863221410068128,-0.08037141878777909,False
0.1,14036,6.294730925974461,6.330013979327206,-0.035283053352745064,7.078881223346475,7.237796939176928,-0.15891571583045305,0.15891571583045305,2.8288758735297987,3.093309116553771,0.08548555383904699,-0.01615358080884821,-0.08895079799204453,False
0.11,14036,6.29165197792064,6.330013979327206,-0.03836200140656576,7.06362278062348,7.237796939176928,-0.17417415855344753,0.17417415855344753,2.802667482288586,3.093309116553771,0.09395816044048855,-0.01740002457919232,-0.09713962976892443,False
0.12,14036,6.288624222712763,6.330013979327206,-0.041389756614442774,7.048494516678704,7.237796939176928,-0.1893024224982236,0.1893024224982236,2.776518559144684,3.093309116553771,0.10241154229100147,-0.01856817861280291,-0.10529445643931101,False
0.13,14036,6.2856694963780795,6.330013979327206,-0.04434448294912663,7.033576320524261,7.237796939176928,-0.20422061865266627,0.20422061865266627,2.7504349921904043,3.093309116553771,0.1108437958975661,-0.019669307874853104,-0.11336666452418509,False
0.14,14036,6.282774966466322,6.330013979327206,-0.047239012860884166,7.018854486808441,7.237796939176928,-0.21894245236848686,0.21894245236848686,2.724411118540814,3.093309116553771,0.11925675194852281,-0.020741108808588926,-0.12098534048069709,False
0.15,14036,6.279934982670512,6.330013979327206,-0.05007899665669413,7.004262406698963,7.237796939176928,-0.23353453247796452,0.23353453247796452,2.6984310409967702,3.093309116553771,0.12765554966486214,-0.021737067977721125,-0.1280367611506792,False
0.16,14036,6.277188603805319,6.330013979327206,-0.05282537552188682,6.98982832667562,7.237796939176928,-0.24796861250130764,0.24796861250130764,2.672521227958638,3.093309116553771,0.13603163238465132,-0.022655822077659593,-0.13490702674908306,False
0.17,14036,6.274541540588876,6.330013979327206,-0.05547243873833008,6.975594569701148,7.237796939176928,-0.26220236947578,0.26220236947578,2.6466814407713906,3.093309116553771,0.14438507725990368,-0.023510049939369893,-0.14148193043969837,False
0.18,14036,6.2719942446535,6.330013979327206,-0.05801973467370569,6.961510690562438,7.237796939176928,-0.2762862486144897,0.2762862486144897,2.6208818894324057,3.093309116553771,0.1527255147547919,-0.02424006457428174,-0.14788954290464496,False
0.19,14036,6.269539961783625,6.330013979327206,-0.06047401754358095,6.947553680818894,7.237796939176928,-0.2902432583580339,0.2902432583580339,2.5951315703871725,3.093309116553771,0.16105003651287653,-0.02483310940277228,-0.15400060498115042,False
0.2,14036,6.267181105517226,6.330013979327206,-0.06283287380998015,6.933782431895184,7.237796939176928,-0.3040145072817433,0.3040145072817433,2.5694607204981903,3.093309116553771,0.1693488676098417,-0.025278260000768604,-0.15986784524757613,False
0.21,14036,6.26493558524918,6.330013979327206,-0.06507839407802596,6.920204738123392,7.237796939176928,-0.3175922010535359,0.3175922010535359,2.5438580186375868,3.093309116553771,0.17762566792171197,-0.02557896072242194,-0.16565697551705938,False
0.22,14036,6.262769241985279,6.330013979327206,-0.06724473734192671,6.906835607864063,7.237796939176928,-0.33096133131286454,0.33096133131286454,2.5183374645486456,3.093309116553771,0.18587591163397743,-0.025799474207526707,-0.17106026573820454,False
0.23,14036,6.260708571390808,6.330013979327206,-0.06930540793639839,6.89361162729228,7.237796939176928,-0.3441853118846474,0.3441853118846474,2.4928885298734658,3.093309116553771,0.1941030023372603,-0.02593356416815773,-0.1761133098069516,False
0.24,14036,6.25873219042974,6.330013979327206,-0.07128178889746639,6.88051055870154,7.237796939176928,-0.3572863804753874,0.3572863804753874,2.4674871067146045,3.093309116553771,0.20231473359390273,-0.025958383427978404,-0.180633776787273,False
0.25,14036,6.25681851656901,6.330013979327206,-0.07319546275819633,6.867555180313445,7.237796939176928,-0.3702417588634823,0.3702417588634823,2.4421417617363006,3.093309116553771,0.21050833598645657,-0.025874810438738294,-0.1850287346866537,False
0.26,14036,6.254989954985659,6.330013979327206,-0.07502402434154742,6.85472848050239,7.237796939176928,-0.3830684586745381,0.3830684586745381,2.416876782743161,3.093309116553771,0.21867595779248128,-0.025705205872635695,-0.18917870462939756,False
0.27,14036,6.253240271416375,6.330013979327206,-0.07677370791083149,6.842125755982985,7.237796939176928,-0.3956711831939428,0.3956711831939428,2.39166708962263,3.093309116553771,0.226825706870458,-0.025460164031549937,-0.19320424690459692,False
0.28,14036,6.2515414131819,6.330013979327206,-0.07847256614530629,6.829702222350657,7.237796939176928,-0.4080947168262705,0.4080947168262705,2.3665106786258816,3.093309116553771,0.23495823098908697,-0.02514984877875559,-0.19698942114121465,False
0.29,14036,6.249969247838105,6.330013979327206,-0.0800447314891013,6.817461616535682,7.237796939176928,-0.42033532264124585,0.42033532264124585,2.3414234495828823,3.093309116553771,0.24306839007688896,-0.024658653339876935,-0.20037436774056783,False
0.3,14036,6.248523049342324,6.330013979327206,-0.0814909299848825,6.805442333520393,7.237796939176928,-0.43235460565653483,0.43235460565653483,2.316416036508538,3.093309116553771,0.251152746386615,-0.023957707936602013,-0.2036125830964668,False
0.31,14036,6.247165485614723,6.330013979327206,-0.08284849371248271,6.793626018436114,7.237796939176928,-0.444170920740814,0.444170920740814,2.291512529667234,3.093309116553771,0.2592035120563093,-0.023200703959772362,-0.206802073814349,False
0.32,14036,6.245921534181966,6.330013979327206,-0.08409244514523984,6.782050150732399,7.237796939176928,-0.45574678844452876,0.45574678844452876,2.2667277783197908,3.093309116553771,0.2672158866407983,-0.022382891762353196,-0.2098481663538765,False
0.33,14036,6.244768014393087,6.330013979327206,-0.08524596493411885,6.770696715210605,7.237796939176928,-0.4671002239663231,0.4671002239663231,2.2420576326267505,3.093309116553771,0.27519121169351235,-0.021499736326867414,-0.21264407970918686,False
0.34,14036,6.243714405232666,6.330013979327206,-0.08629957409454025,6.75963420480906,7.237796939176928,-0.47816273436786805,0.47816273436786805,2.217455856538491,3.093309116553771,0.2831444343302685,-0.020524571533518277,-0.2149367926400476,False
0.35000000000000003,14036,6.242777537592933,6.330013979327206,-0.08723644173427303,6.748800302822389,7.237796939176928,-0.48899663635453905,0.48899663635453905,2.192933661280686,3.093309116553771,0.2910719302040482,-0.019462805819001616,-0.21683201241093641,False
0.36,14036,6.241945794486837,6.330013979327206,-0.08806818484036949,6.738210773669135,7.237796939176928,-0.4995861655077931,0.4995861655077931,2.1684906151533196,3.093309116553771,0.29897383887413875,-0.01831934074985675,-0.2182852009181877,False
0.37,14036,6.2411979209191095,6.330013979327206,-0.08881605840809659,6.727802877254927,7.237796939176928,-0.5099940619220007,0.5099940619220007,2.1441291345589253,3.093309116553771,0.3068493791698125,-0.017073252166063924,-0.21959733394004743,False
0.38,14036,6.240546499487681,6.330013979327206,-0.08946747983952541,6.717575854651776,7.237796939176928,-0.5202210845251516,0.5202210845251516,2.119841634718296,3.093309116553771,0.31470100308630233,-0.015781170187215032,-0.2208877732260932,False
0.39,14036,6.23998286997093,6.330013979327206,-0.09003110935627578,6.70756480717326,7.237796939176928,-0.5302321320036674,0.5302321320036674,2.0956350220815856,3.093309116553771,0.32252647791750133,-0.012728573761837225,-0.22193441081979426,False
0.4,14036,6.239490857074049,6.330013979327206,-0.09052312225315706,6.697703940836443,7.237796939176928,-0.5400929983404845,0.5400929983404845,2.071565650228966,3.093309116553771,0.3303075857685768,-0.009368596423271036,-0.22229841008532603,False
0.41000000000000003,14036,6.2390674027121955,6.330013979327206,-0.0909465766150106,6.687970335539945,7.237796939176928,-0.5498266036369825,0.5498266036369825,2.04763386885914,3.093309116553771,0.33804421358949377,-0.005785716989186618,-0.22259273669706303,False
0.42,14036,6.238725246300077,6.330013979327206,-0.09128873302712925,6.6784919492972135,7.237796939176928,-0.5593049898797142,0.5593049898797142,2.0238273504718682,3.093309116553771,0.3457403465947184,-0.0021836165955591014,-0.22270735432715227,False
0.43,14036,6.238450498306435,6.330013979327206,-0.0915634810207715,6.669252754422327,7.237796939176928,-0.5685441847546011,0.5685441847546011,2.000128685284558,3.093309116553771,0.3534016129907883,0.0016642907851238675,-0.2226585428248571,False
0.44,14036,6.23828020946495,6.330013979327206,-0.09173376986225623,6.660270171112469,7.237796939176928,-0.5775267680644589,0.5775267680644589,1.9765505174151445,3.093309116553771,0.36102392520757765,0.005841942813810341,-0.22210613195323337,False
0.45,14036,6.238226261747702,6.330013979327206,-0.09178771757950432,6.651494403495581,7.237796939176928,-0.5863025356813463,0.5863025356813463,1.9531132802150637,3.093309116553771,0.3686006775840721,0.010201405786269824,-0.221171149994408,False
0.46,14036,6.238248546836246,6.330013979327206,-0.09176543249096003,6.642889956639817,7.237796939176928,-0.5949069825371103,0.5949069825371103,1.9298215092604372,3.093309116553771,0.3761304038665122,0.014563817541028534,-0.21999851316313368,False
0.47000000000000003,14036,6.238336749752214,6.330013979327206,-0.09167722957499169,6.634426508224327,7.237796939176928,-0.6033704309526007,0.6033704309526007,1.9066834915163309,3.093309116553771,0.38361042505814924,0.01895318330732998,-0.21872710252474015,False
0.48,14036,6.23849325914402,6.330013979327206,-0.09152072018318602,6.626114199310329,7.237796939176928,-0.6116827398665983,0.6116827398665983,1.8836720098896091,3.093309116553771,0.3910495398571121,0.023412564922312917,-0.21735298915415502,False
0.49,14036,6.238743413548485,6.330013979327206,-0.09127056577872139,6.617936341929008,7.237796939176928,-0.6198605972479196,0.6198605972479196,1.8607975469813725,3.093309116553771,0.39844435946496326,0.02791406164755461,-0.21586326360436114,False
0.5,14036,6.239056808719543,6.330013979327206,-0.0909571706076635,6.609946066377237,7.237796939176928,-0.6278508727996908,0.6278508727996908,1.8380543390003898,3.093309116553771,0.4057967471908691,0.03247064345375872,-0.21425583056231456,True
0.51,14036,6.239427217971093,6.330013979327206,-0.09058676135611332,6.602166784003305,7.237796939176928,-0.6356301551736223,0.6356301551736223,1.815450174011509,3.093309116553771,0.41310418532174165,0.03716385842435255,-0.21257894138783673,True
0.52,14036,6.2399125794992045,6.330013979327206,-0.09010139982800158,6.594583750812033,7.237796939176928,-0.6432131883648946,0.6432131883648946,1.7929820416054516,3.093309116553771,0.42036764705785457,0.04248990771757288,-0.21090205221335978,True
0.53,14036,6.240501795807059,6.330013979327206,-0.08951218352014667,6.587250127697236,7.237796939176928,-0.6505468114796917,0.6505468114796917,1.7706752762967077,3.093309116553771,0.4275789422980779,0.04805602856854563,-0.2088868702297102,True
0.54,14036,6.241203378768143,6.330013979327206,-0.08881060055906342,6.58017021756459,7.237796939176928,-0.6576267216123375,0.6576267216123375,1.7485863058938704,3.093309116553771,0.43471982915113405,0.053817683214582246,-0.20575124099134712,True
0.55,14036,6.2420258532361315,6.330013979327206,-0.08798812609107465,6.573315778054481,7.237796939176928,-0.6644811611224464,0.6644811611224464,1.7266962881949797,3.093309116553771,0.4417963988937914,0.05986964902398384,-0.20218720888958241,True
0.56,14036,6.242935889845528,6.330013979327206,-0.08707808948167806,6.566647575521917,7.237796939176928,-0.6711493636550108,0.6711493636550108,1.7049493503652091,3.093309116553771,0.4488267140063007,0.06615775917095945,-0.19844449415153598,True
0.5700000000000001,14036,6.243930828592383,6.330013979327206,-0.0860831507348232,6.560186261328988,7.237796939176928,-0.67761067784794,0.67761067784794,1.6834382982001277,3.093309116553771,0.45578077238021664,0.0726337128538006,-0.19440150980176885,True
0.58,14036,6.2450422108156385,6.330013979327206,-0.08497176851156762,6.553941604133752,7.237796939176928,-0.6838553350431757,0.6838553350431757,1.6621610189890654,3.093309116553771,0.4626592570092495,0.07933330787360315,-0.1901251921413989,True
0.59,14036,6.246281497946625,6.330013979327206,-0.08373248138058109,6.547877158781645,7.237796939176928,-0.6899197803952823,0.6899197803952823,1.6410853862191714,3.093309116553771,0.46947255370084373,0.08634758720184887,-0.1858279564713632,True
0.6,14036,6.247619925743835,6.330013979327206,-0.08239405358337137,6.54192512171939,7.237796939176928,-0.6958718174575376,0.6958718174575376,1.6202023421097562,3.093309116553771,0.4762235906397839,0.09349185538691618,-0.18137813120580848,True
0.61,14036,6.249057724904593,6.330013979327206,-0.08095625442261323,6.536173364275641,7.237796939176928,-0.7016235749012862,0.7016235749012862,1.599515965799553,3.093309116553771,0.4829110491286561,0.10071777718826347,-0.17673469168380684,True
0.62,14036,6.250597312733738,6.330013979327206,-0.07941666659346769,6.530736440678681,7.237796939176928,-0.7070604984982465,0.7070604984982465,1.5791055222188146,3.093309116553771,0.4895093045281933,0.10813160202623173,-0.1710108603365592,True
0.63,14036,6.252206012038772,6.330013979327206,-0.0778079672884342,6.525591824961783,7.237796939176928,-0.7122051142151449,0.7122051142151449,1.5588656846843032,3.093309116553771,0.49605240667928396,0.11562963662600456,-0.16464215965910256,True
0.64,14036,6.253884955520609,6.330013979327206,-0.07612902380659747,6.52069518944041,7.237796939176928,-0.7171017497365177,0.7171017497365177,1.5389179822867938,3.093309116553771,0.5025010678527696,0.12326789591698706,-0.1571957666833974,True
0.65,14036,6.255629068196891,6.330013979327206,-0.07438491113031542,6.516076857142043,7.237796939176928,-0.721720082034885,0.721720082034885,1.5192209739228466,3.093309116553771,0.508868685061971,0.13095942577170394,-0.14955357258546265,True
0.66,14036,6.257453190501037,6.330013979327206,-0.07256078882616901,6.511667248858249,7.237796939176928,-0.7261296903186789,0.7261296903186789,1.4997272128466357,3.093309116553771,0.5151705968146278,0.13865118101322516,-0.14178711977484593,True
0.67,14036,6.259361380981766,6.330013979327206,-0.0706525983454398,6.5074680744844065,7.237796939176928,-0.7303288646925212,0.7303288646925212,1.4805080651081872,3.093309116553771,0.5213837320087789,0.14638806135294846,-0.1338025145290942,True
0.68,14036,6.2613537530363645,6.330013979327206,-0.06866022629084156,6.503527027226882,7.237796939176928,-0.7342699119500455,0.7342699119500455,1.4615984491460783,3.093309116553771,0.5274968022677176,0.15440849500261944,-0.12569867420729253,True
0.6900000000000001,14036,6.263428737062034,6.330013979327206,-0.06658524226517226,6.499894984950025,7.237796939176928,-0.7379019542269027,0.7379019542269027,1.4430217382431574,3.093309116553771,0.5335022515141276,0.16254209073029546,-0.11747849593348914,True
0.7000000000000001,14036,6.265553511333929,6.330013979327206,-0.06446046799327743,6.496514672056227,7.237796939176928,-0.7412822671207007,0.7412822671207007,1.4247974741455494,3.093309116553771,0.5393937623237267,0.17069224437521857,-0.10876402359435033,True
0.71,14036,6.26779657829178,6.330013979327206,-0.06221740103542572,6.493359943682327,7.237796939176928,-0.7444369954946009,0.7444369954946009,1.4069575468092166,3.093309116553771,0.5451610253628012,0.1790345112891174,-0.09950561105738753,True
0.72,14036,6.270129183793415,6.330013979327206,-0.05988479553379111,6.490477312848452,7.237796939176928,-0.7473196263284754,0.7473196263284754,1.3894552070485051,3.093309116553771,0.5508191536329595,0.1874455300443003,-0.09024719852042473,True
0.73,14036,6.272541777452331,6.330013979327206,-0.057472201874874784,6.487925483266593,7.237796939176928,-0.749871455910335,0.749871455910335,1.3722183385877809,3.093309116553771,0.556391460767892,0.19597341185841533,-0.0808600410163054,True
0.74,14036,6.27507142409126,6.330013979327206,-0.05494255523594571,6.485686291074712,7.237796939176928,-0.7521106481022155,0.7521106481022155,1.3552726321085866,3.093309116553771,0.5618696415253565,0.20491555871377543,-0.0706605690045059,False
0.75,14036,6.277682664626071,6.330013979327206,-0.05233131470113506,6.483856745002684,7.237796939176928,-0.7539401941742438,0.7539401941742438,1.3386942869443506,3.093309116553771,0.5672290623073009,0.21399262497545024,-0.06009110392138961,False
0.76,14036,6.280392738107468,6.330013979327206,-0.04962124121973854,6.482336490758296,7.237796939176928,-0.7554604484186314,0.7554604484186314,1.3225774732292395,3.093309116553771,0.5724392799440905,0.22329756650445276,-0.04918044617722028,False
0.77,14036,6.2831790034537915,6.330013979327206,-0.046834975873414564,6.481073623878999,7.237796939176928,-0.7567233152979282,0.7567233152979282,1.3069211518740715,3.093309116553771,0.5775006303508066,0.2327823302199734,-0.03772283483750272,False
0.78,14036,6.286039667355094,6.330013979327206,-0.043974311972112545,6.48008910519678,7.237796939176928,-0.757707833980148,0.757707833980148,1.2916714407202523,3.093309116553771,0.5824305324650864,0.24253717620679183,-0.02580822498172264,False
0.79,14036,6.288990210600815,6.330013979327206,-0.04102376872639102,6.479324085168194,7.237796939176928,-0.7584728540087333,0.7584728540087333,1.2767773676122416,3.093309116553771,0.5872454644834564,0.252419336073892,-0.013410205606641412,False
0.8,14036,6.292051928931406,6.330013979327206,-0.03796205039579981,6.478736525921782,7.237796939176928,-0.7590604132551455,0.7590604132551455,1.2623358606103139,3.093309116553771,0.5919140916583625,0.26268070838970914,-0.0008153069352294651,False
0.81,14036,6.295210310299195,6.330013979327206,-0.03480366902801091,6.478375910984277,7.237796939176928,-0.7594210281926506,0.7594210281926506,1.2484380172181584,3.093309116553771,0.5964069641352131,0.2734326103679301,0.011779591736181594,False
0.8200000000000001,14036,6.298436115772577,6.330013979327206,-0.031577863554629104,6.478353768123389,7.237796939176928,-0.7594431710535385,0.7594431710535385,1.2350721482858251,3.093309116553771,0.6007278607636186,0.2842739066864528,0.024607807692204275,False
0.8300000000000001,14036,6.301719478635443,6.330013979327206,-0.028294500691763425,6.478656511559517,7.237796939176928,-0.7591404276174103,0.7591404276174103,1.2222507649006142,3.093309116553771,0.604872736979383,0.2951367381857768,0.03766086591155915,False
0.84,14036,6.305077604281322,6.330013979327206,-0.024936375045884418,6.479264828488167,7.237796939176928,-0.758532110688761,0.758532110688761,1.2099901248369844,3.093309116553771,0.6088363369953069,0.30607047480577876,0.05115355865649107,False
0.85,14036,6.308533468298099,6.330013979327206,-0.02148051102910742,6.4801391869265315,7.237796939176928,-0.7576577522503962,0.7576577522503962,1.1983537319549706,3.093309116553771,0.6125981313855738,0.3172642696103569,0.06497286535508184,False
0.86,14036,6.312064920242236,6.330013979327206,-0.017949059084970465,6.481208669293399,7.237796939176928,-0.7565882698835287,0.7565882698835287,1.1874946442476602,3.093309116553771,0.6161086398081554,0.32848379874629074,0.0788673492943115,False
0.87,14036,6.315691485178033,6.330013979327206,-0.014322494149173082,6.482459858529893,7.237796939176928,-0.7553370806470348,0.7553370806470348,1.1772379471155683,3.093309116553771,0.6194244083736711,0.33985311787354977,0.0927931839926952,False
0.88,14036,6.3194196917603715,6.330013979327206,-0.01059428756683456,6.483981816108901,7.237796939176928,-0.7538151230680263,0.7538151230680263,1.1678162580801568,3.093309116553771,0.6224702368636179,0.35133627302287085,0.10690984323171193,False
0.89,14036,6.323204133850993,6.330013979327206,-0.0068098454762131055,6.485705229068081,7.237796939176928,-0.7520917101088465,0.7520917101088465,1.1589683309746928,3.093309116553771,0.6253305805189333,0.3630220749498081,0.12118008687109949,False
0.9,14036,6.3270593916598665,6.330013979327206,-0.002954587667339581,6.487740671631277,7.237796939176928,-0.7500562675456504,0.7500562675456504,1.1506270571426302,3.093309116553771,0.6280271341182566,0.3747078768767462,0.13580269840176573,False
0.91,14036,6.331004627925712,6.330013979327206,0.000990648598506283,6.490077635921893,7.237796939176928,-0.7477193032550344,0.7477193032550344,1.1428960002389312,3.093309116553771,0.6305264177696468,0.3864914018854746,0.15082195661320963,False
0.92,14036,6.335044306724899,6.330013979327206,0.005030327397692602,6.492718510066522,7.237796939176928,-0.7450784291104053,0.7450784291104053,1.1358004148912144,3.093309116553771,0.6328202671976735,0.3984240402136443,0.16601698720921476,False
0.93,14036,6.339170372556098,6.330013979327206,0.009156393228892057,6.495649760445492,7.237796939176928,-0.742147178731436,0.742147178731436,1.1295161390807356,3.093309116553771,0.6348518377823424,0.41044117302068894,0.18172762336944004,False
0.9400000000000001,14036,6.343385884613011,6.330013979327206,0.013371905285804786,6.498784871344622,7.237796939176928,-0.7390120678323058,0.7390120678323058,1.1240867351228674,3.093309116553771,0.636607046768348,0.4225210700860904,0.1977800086676753,False
0.9500000000000001,14036,6.347664327586128,6.330013979327206,0.017650348258921866,6.502191423235133,7.237796939176928,-0.7356055159417947,0.7356055159417947,1.1194859182097423,3.093309116553771,0.6380943914661359,0.4347175086676742,0.21442732443356682,False
0.96,14036,6.352026547072925,6.330013979327206,0.022012567745719025,6.505811158041901,7.237796939176928,-0.7319857811350268,0.7319857811350268,1.115693516615756,3.093309116553771,0.6393203929587417,0.4470104584933656,0.23125134072756648,False
0.97,14036,6.356530341683511,6.330013979327206,0.026516362356304946,6.509667127472819,7.237796939176928,-0.7281298117041084,0.7281298117041084,1.1127498141365126,3.093309116553771,0.640272028365462,0.4594193306182355,0.24843302252572386,False
0.98,14036,6.3611165871107875,6.330013979327206,0.031102607783581426,6.513771164786208,7.237796939176928,-0.7240257743907197,0.7240257743907197,1.1106414106341298,3.093309116553771,0.6409536296613363,0.4719303708209681,0.2659475631287638,False
0.99,14036,6.365822587876145,6.330013979327206,0.035808608548938636,6.518063858817126,7.237796939176928,-0.7197330803598021,0.7197330803598021,1.1092769068753017,3.093309116553771,0.6413947442436216,0.4845996282993088,0.283549775278102,False
1.0,14036,6.3706596825122155,6.330013979327206,0.040645703185009374,6.522732400391373,7.237796939176928,-0.7150645387855548,0.7150645387855548,1.1090097897546725,3.093309116553771,0.6414810974370998,0.49758198487692074,0.30145856122064885,False
